source,raw_normalized_count,high_quality_normalized_count,source_family,quality_tiers,normalized_categories,needs_review_count
ACS PUMS curated variables,135,135,official_population_survey,"{""A"": 135}","{""Demographics & Population Grounding"": 34, ""Cognitive & Capability Profile"": 9, ""Life Context & Constraints"": 82, ""Social Identity, Relationships & Community"": 10}",7
Apple ML-PrimeX,100,100,research_dataset,"{""B"": 100}","{""Worldview, Beliefs & Attitudes"": 59, ""Demographics & Population Grounding"": 35, ""Life Context & Constraints"": 5, ""Personality Traits"": 1}",66
BFI-2,20,20,psychometric,"{""A"": 20}","{""Personality Traits"": 20}",0
DeepPersona auto-extracted local proposal (proposed_ATTR_sourced.json),962,0,llm_mined,"{""C"": 962}","{""Behavioral Patterns & Preferences"": 295, ""Social Identity, Relationships & Community"": 103, ""Personality Traits"": 206, ""Cognitive & Capability Profile"": 69, ""Domain-Specific Overlays"": 179, ""Worldview, Beliefs & Attitudes"": 41, ""Life Context & Constraints"": 35, ""Demographics & Population Grounding"": 31, ""Values, Goals & Motivations"": 3}",962
DeepPersona auto-extracted local proposal (proposed_new_dimensions_ATTRLEVEL.json),1542,0,llm_mined,"{""C"": 1542}","{""Behavioral Patterns & Preferences"": 468, ""Social Identity, Relationships & Community"": 164, ""Demographics & Population Grounding"": 62, ""Personality Traits"": 345, ""Cognitive & Capability Profile"": 102, ""Domain-Specific Overlays"": 284, ""Worldview, Beliefs & Attitudes"": 53, ""Life Context & Constraints"": 61, ""Values, Goals & Motivations"": 3}",1542
Facet MAP,70,70,psychometric,"{""A"": 70}","{""Personality Traits"": 69, ""Cognitive & Capability Profile"": 1}",0
GSS 1972-2024 Cumulative Codebook,6518,4459,official_survey,"{""A"": 6518}","{""Demographics & Population Grounding"": 1359, ""Cognitive & Capability Profile"": 149, ""Worldview, Beliefs & Attitudes"": 1318, ""Social Identity, Relationships & Community"": 265, ""Domain-Specific Overlays"": 1041, ""Life Context & Constraints"": 1943, ""Behavioral Patterns & Preferences"": 292, ""Values, Goals & Motivations"": 133, ""Personality Traits"": 13, ""Narrative Identity & Life History"": 5}",5832
HEXACO-PI-R,31,31,psychometric,"{""A"": 31}","{""Personality Traits"": 31}",0
IPIP item pool,3319,3319,psychometric,"{""A"": 3319}","{""Personality Traits"": 3319}",0
IPIP scale labels,276,276,psychometric,"{""A"": 276}","{""Personality Traits"": 275, ""Cognitive & Capability Profile"": 1}",0
MatrAIx existing Yuexing 1K attributes,2685,1194,local_project,"{""B"": 1194, ""C"": 1491}","{""Demographics & Population Grounding"": 378, ""Life Context & Constraints"": 503, ""Cognitive & Capability Profile"": 227, ""Domain-Specific Overlays"": 263, ""Social Identity, Relationships & Community"": 46, ""Worldview, Beliefs & Attitudes"": 82, ""Personality Traits"": 106, ""Values, Goals & Motivations"": 874, ""Behavioral Patterns & Preferences"": 204, ""Narrative Identity & Life History"": 2}",1795
NVIDIA Nemotron-Personas-USA,22,22,persona_dataset,"{""B"": 22}","{""Domain-Specific Overlays"": 3, ""Behavioral Patterns & Preferences"": 6, ""Narrative Identity & Life History"": 1, ""Social Identity, Relationships & Community"": 1, ""Cognitive & Capability Profile"": 2, ""Demographics & Population Grounding"": 9}",10
OASIS Reddit user profiles,8,8,persona_dataset,"{""B"": 8}","{""Demographics & Population Grounding"": 3, ""Narrative Identity & Life History"": 2, ""Behavioral Patterns & Preferences"": 1, ""Personality Traits"": 1, ""Domain-Specific Overlays"": 1}",7
SCOPE-Persona structured protocol,135,135,persona_dataset,"{""B"": 135}","{""Demographics & Population Grounding"": 13, ""Behavioral Patterns & Preferences"": 44, ""Worldview, Beliefs & Attitudes"": 6, ""Values, Goals & Motivations"": 22, ""Personality Traits"": 30, ""Narrative Identity & Life History"": 10, ""Domain-Specific Overlays"": 10}",73
Schwartz Theory of Basic Values,10,10,validated_theory,"{""A"": 10}","{""Values, Goals & Motivations"": 10}",0
Self-Determination Theory,3,3,validated_theory,"{""A"": 3}","{""Values, Goals & Motivations"": 3}",0
Tencent PersonaHub sampled domain labels,12474,0,persona_dataset,"{""C"": 12474}","{""Domain-Specific Overlays"": 12474}",12474
World Values Survey Wave 7 Questionnaire,153,153,official_survey,"{""A"": 153}","{""Values, Goals & Motivations"": 124, ""Life Context & Constraints"": 17, ""Demographics & Population Grounding"": 12}",146
